id,nazwa,zdjecie,stan,miasto,adres,tryb,data,pakiet,platnosc,cena,data_preworku,liczba_godzin,harmonogram,har_link,wym_wstepne,wym_link,program,prog_link,warunki,war_link,opis
0,JavaScript Developer,https://sklep.coderslab.pl/img/p/1/1/9/119-large_default.jpg,,: Wrocław,: ul. Kiełbaśnicza 28,": weekendowy, zajęcia w soboty i niedziele co 2 tyg. w godzinach 9-17",04.12.2021 (WRO_FER_W_20),: Premium,Jednorazowa,"15 900,00 zł",: 4 tygodnie przed datą rozpoczęcia kursu,": 569,5 godziny",sprawdź w jakich dniach i godzinach będą odbywały się zajęcia,https://hub.coderslab.pl/api/public/coursetimetable?courseSignature=WRO_FER_W_20&packageId=3,,,zobacz jakie zagadnienia będą poruszane w każdym tygodniu kursu,https://coderslab.user.com/media/uploads/lduvtk-coderslab/szczegolowy-program-kursu-javascript-developer-17-06-2020-e257aae58a3b-3de671e870ea.pdf,zapoznaj się ze szczegółowymi warunkami udziału w kursie,https://www-api.coderslab.pl/uploads/media/default/0001/04/c05e94e9b98f2423917df86a11bccdd793f7755e.pdf,"Ogólne Warunki Umowy - zapoznaj się ze szczegółowymi warunkami udziału w kursieSzczegółowy program kursu - zobacz jakie zagadnienia będą poruszane w każdym tygodniu kursuPamiętaj! Miesiąc przed startem kursu udostępnimy Ci tzw. prework czyli materiały przygotowujące do głównej części kursu. Zapoznasz się z systemami i technologiami, z jakimi będziesz miał kontakt podczas kursu oraz otrzymasz pierwsze zadania. Przygotujesz również swój komputer do zajęć, dzięki czemu nie będzie tracił na to czasu w trakcie zajęć. Na prework zarezerwuj 60 godzin. Dostęp do niego otrzymasz miesiąc przed kursem od Opiekuna Kursu, który skontaktuje się z Tobą po dokonaniu zakupu.Nasz bestseller! Na tym kursie nauczysz się programować tę część stron internetowych i aplikacji webowych, którą użytkownicy widzą w przeglądarce. W uporządkowany sposób przekażemy Ci podstawy programowania w języku JavaScript i używania biblioteki React. Za kurs możesz zapłacić na trzy sposoby:Płatność jednorazowa - brak dodatkowych opłat, możliwość płatności kartą lub przelewem. Raty PayU 0% - nieoprocentowane raty PayU, dzięki którym nie ponosisz żadnych dodatkowych kosztów. Płatność za kurs możesz podzielić na 3,5,6, lub 10 rat. Niskie Raty PayU już od 356 zł - możliwość podzielenia płatności za kurs nawet na 36 rat. Oprocentowanie zależy od liczby rat i zaczyna się już od 6,5%.Sprawdź wysokość rat dla Twojego kursu: kalkulator rat PayUTRYBY NAUKIKurs możesz odbyć w dwóch trybach:DziennymZajęcia odbywają się zdalnie od poniedziałku do piątku w godzinach 9:00-17:00. WeekendowymZajęcia odbywają się zdalnie co drugi tydzień w soboty i niedziele w godzinach 9:00-17:00. PAKIETY CENOWEW ramach kursu możesz wybrać jeden z trzech pakietów cenowych. Każdy z nich realizuje inne potrzeby kursanta i dlatego zawiera inną liczbę godzin nauki oraz różne elementy składowe. Wybierz pakiet najlepszy dla siebie.Pakiet podstawowy – dla chcących zdobyć nowe kompetencjeOdpowiedni wybór dla tych, którzy nie szukają pracy po kursie, a jedynie chcą zdobyć umiejętności uzupełniające ich obecne kompetencje.Pakiet profesjonalny – dla myślących o zmianie pracySkutecznie przygotujemy Cię do wymagającego procesu rekrutacji w nowej branży. Zdobędziesz więcej kompetencji i praktycznych umiejętności, dzięki czemu będziesz miał szansę wyróżnić się wśród innych kandydatów na rynku.Pakiet premium – dla chcących zyskać przewagę na rynku pracyPakiet zawiera wszystkie elementy z niższych pakietów oraz dodatkowo moduł Full-Stack (połączenie technologii back-end i front-end). Ten wybór pozwoli Ci aplikować na bardziej wymagające stanowiska.Pakiet Pewna Praca – dla chcących szybko i sprawnie wejść do branżyWejdź do IT do 6 miesięcy po kursie! W pakiecie otrzymujesz indywidualne wsparcie wykładowcy i praktyka z branży oraz doradcy kariery. Dodatkowo zrobisz międzynarodowy certyfikat Scrum Developer Certified (SDC™️) i zyskasz pierwszeństwo w poleceniach do firm partnerskich."
1,Tester Manualny,https://sklep.coderslab.pl/img/p/1/2/3/123-large_default.jpg,,Kraków,: ul. Racławicka 58,"stacjonarny, zajęcia od poniedziałku do piątku w godz. 9:00-17:00",07.02.2022 (KRA_TEM_S_15),Podstawowy,Jednorazowa,"5 900,00 zł",2 tygodnie przed datą rozpoczęcia kursu,120 godzin,"sprawdź, w jakich dniach i godzinach będą odbywały się zajęcia",http://hub.coderslab.pl/api/public/coursetimetable?courseSignature=KRA_TEM_S_15&packageId=1,,,"zobacz, jakie zagadnienia będą poruszane w każdym tygodniu kursu",https://coderslab.user.com/media/uploads/lduvtk-coderslab/szczegolowy-program-kursu-tester-manualny-28-10-2021-97f8aad32bcc.pdf,zapoznaj się ze szczegółowymi warunkami udziału w kursie,https://www-api.coderslab.pl/uploads/media/default/0001/04/c05e94e9b98f2423917df86a11bccdd793f7755e.pdf,"Szczegółowy program kursu - zobacz, jakie zagadnienia będą poruszane w każdym tygodniu kursuOgólne Warunki Umowy - zapoznaj się ze szczegółowymi warunkami udziału w kursiePamiętaj! 2 tygodnie przed startem kursu udostępnimy Ci tzw. prework czyli materiały przygotowujące do głównej części kursu. Zapoznasz się z podstawowymi zagadnieniami testerskimi, z którymi później będziesz miał do czynienia podczas kursu. Na prework zarezerwuj 40 godzin. Dostęp do niego otrzymasz 2 tygodnie przed kursem od Opiekuna Kursu, który skontaktuje się z Tobą po dokonaniu zakupu. Najkrótszy i najmniej intensywny z naszych kursów. Przygotuje Cię do zawodu Testera Manualnego. Zapewni Ci szybkie wejście do branży IT ponieważ testerzy są niezastąpieni w każdym zespole programistycznym. W trakcie kursu Testera Manualnego zdajesz egzamin, którego wynikiem jest otrzymanie niezależnego, międzynarodowe certyfikatu ISTQB. Dzięki niemu zdecydowanie łatwiej będzie Ci znaleźć pracę w zawodzie. W trakcie kursu nauczysz się metodologii i narzędzi przeprowadzania testów oprogramowania, które weryfikują czy działa ono zgodnie z wymaganiami klienta.Za kurs możesz zapłacić na trzy sposoby:Płatność jednorazowa - brak dodatkowych opłat, możliwość płatności kartą lub przelewem. Raty PayU 0% - nieoprocentowane raty PayU, dzięki którym nie ponosisz żadnych dodatkowych kosztów. Płatność za kurs możesz podzielić na 3,5,6, lub 10 rat. Niskie Raty PayU już od 193 zł - możliwość podzielenia płatności za kurs nawet na 36 rat. Oprocentowanie zależy od liczby rat i zaczyna się już od 6,5%.Sprawdź wysokość rat dla Twojego kursu: kalkulator rat PayU.TRYBY NAUKIKurs możesz odbyć w trzech trybach:StacjonarnymZajęcia odbywają się od poniedziałku do piątku w godzinach 9:00-17:00 w siedzibie Coders Lab. WeekendowymZajęcia odbywają się co drugi tydzień w soboty i niedziele w godzinach 9:00-17:00 w siedzibie Coders Lab.ZdalnymKurs odbywa się zdalnie z dowolnego miejsca, wystarczy dostęp do internetu. 50% godzin kursu to zajęcia zdalne z wykładowcą i grupą w wirtualnej klasie. Zajęcia odbywają się wieczorami i w weekendy w godzinach 18:30-21:30. Pozostałe 50% godzin kursu to nauka własna. PAKIETY CENOWEW ramach kursu możesz wybrać jeden z trzech pakietów cenowych. Każdy z nich realizuje inne potrzeby kursanta i dlatego zawiera inną liczbę godzin nauki oraz różne elementy składowe. Wybierz pakiet najlepszy dla siebie.Pakiet podstawowy – dla chcących zdobyć nowe kompetencjeOdpowiedni wybór dla tych, którzy nie szukają pracy po kursie, a jedynie chcą zdobyć umiejętności uzupełniające ich obecne kompetencje.Pakiet profesjonalny – dla chcących zmienić pracęSkutecznie przygotujemy Cię do wymagającego procesu rekrutacji w nowej branży. Zdobędziesz więcej kompetencji i praktycznych umiejętności, dzięki czemu będziesz miał szansę wyróżnić się wśród innych kandydatów na rynku.Pakiet premium – dla wymagającychPakiet dla najbardziej wymagających, zawierający wszystkie elementy z niższych pakietów oraz dodatkowo pełny kurs Testera Automatycznego. Ten wybór pozwoli Ci aplikować na bardziej wymagające stanowiska."
2,Python Developer,https://sklep.coderslab.pl/img/p/1/2/7/127-large_default.jpg,,Kraków,: ul. Racławicka 58,": stacjonarny, zajęcia pon-pt. w godz. 9-17",10.01.2022 (KRA_PYT_S_10),Podstawowy,Jednorazowa,"10 900,00 zł",4 tygodnie przed datą rozpoczęcia kursu,"395,5 godziny",sprawdź w jakich dniach i godzinach będą odbywały się zajęcia,http://hub.coderslab.pl/api/public/coursetimetable?courseSignature=KRA_PYT_S_10&packageId=1,,,zobacz jakie zagadnienia będą poruszane w każdym tygodniu kursu,https://coderslab.user.com/media/uploads/lduvtk-coderslab/szczegolowy-program-kursu-python-developer-05-02-2020-pdf-9215161caf5a.pdf,zapoznaj się ze szczegółowymi warunkami udziału w kursie,https://www-api.coderslab.pl/uploads/media/default/0001/04/c05e94e9b98f2423917df86a11bccdd793f7755e.pdf,"Ogólne Warunki Umowy - zapoznaj się ze szczegółowymi warunkami udziału w kursieSzczegółowy program kursu - zobacz jakie zagadnienia będą poruszane w każdym tygodniu kursuPamiętaj! Miesiąc przed startem kursu udostępnimy Ci tzw. prework czyli materiały przygotowujące do głównej części kursu. Zapoznasz się z systemami i technologiami, z jakimi będziesz miał kontakt podczas kursu oraz otrzymasz pierwsze zadania. Przygotujesz również swój komputer do zajęć, dzięki czemu nie będzie tracił na to czasu w trakcie zajęć. Na prework zarezerwuj 60 godzin. Dostęp do niego otrzymasz miesiąc przed kursem od Opiekuna Kursu, który skontaktuje się z Tobą po dokonaniu zakupu.Python to jeden z najprzyjemniejszych języków do nauki na początek. Po tym kursie będziesz potrafił programować strony i aplikacje internetowe w taki sposób, że będą wykonywały dokładnie to, czego się od nich oczekuje. Poznasz tajniki pisania kodu wykonywanego na serwerze czyli w miejscu, którego zwykły użytkownik nie widzi i najczęściej nie ma o nim pojęcia. Będziesz odpowiedzialny za logikę systemu oraz to, aby część front-endowa dostała odpowiednie informacje umożliwiające poprawne wyświetlanie w oknie przeglądarki. Za kurs możesz zapłacić na trzy sposoby:Płatność jednorazowa - brak dodatkowych opłat, możliwość płatności kartą lub przelewem. Raty PayU 0% - nieoprocentowane raty PayU, dzięki którym nie ponosisz żadnych dodatkowych kosztów. Płatność za kurs możesz podzielić na 3,5,6, lub 10 rat. Niskie Raty PayU już od 356 zł - możliwość podzielenia płatności za kurs nawet na 36 rat. Oprocentowanie zależy od liczby rat i zaczyna się już od 6,5%.Sprawdź wysokość rat dla Twojego kursu: kalkulator rat PayUTRYBY NAUKIKurs możesz odbyć w dwóch trybach:DziennymZajęcia odbywają się zdalnie od poniedziałku do piątku w godzinach 9:00-17:00. WeekendowymZajęcia odbywają się zdalnie co drugi tydzień w soboty i niedziele w godzinach 9:00-17:00.PAKIETY CENOWEW ramach kursu możesz wybrać jeden z trzech pakietów cenowych. Każdy z nich realizuje inne potrzeby kursanta i dlatego zawiera inną liczbę godzin nauki oraz różne elementy składowe. Wybierz pakiet najlepszy dla siebie.Pakiet podstawowy – dla chcących zdobyć nowe kompetencjeOdpowiedni wybór dla tych, którzy nie szukają pracy po kursie, a jedynie chcą zdobyć umiejętności uzupełniające ich obecne kompetencje.Pakiet profesjonalny – dla myślących o zmianie pracySkutecznie przygotujemy Cię do wymagającego procesu rekrutacji w nowej branży. Zdobędziesz więcej kompetencji i praktycznych umiejętności, dzięki czemu będziesz miał szansę wyróżnić się wśród innych kandydatów na rynku.Pakiet premium – dla chcących zyskać przewagę na rynku pracyPakiet zawiera wszystkie elementy z niższych pakietów oraz dodatkowo moduł Full-Stack (połączenie technologii back-end i front-end). Ten wybór pozwoli Ci aplikować na bardziej wymagające stanowiska.Pakiet Pewna Praca – dla chcących szybko i sprawnie wejść do branżyWejdź do IT do 6 miesięcy po kursie! W pakiecie otrzymujesz indywidualne wsparcie wykładowcy i praktyka z branży oraz doradcy kariery. Dodatkowo zrobisz międzynarodowy certyfikat Scrum Developer Certified (SDC™️) i zyskasz pierwszeństwo w poleceniach do firm partnerskich."
3,Node.js dla programistów,https://sklep.coderslab.pl/img/p/1/2/8/128-large_default.jpg,,,platforma do nauki zdalnej,"wieczorowy, zajęcia wieczorami i w weekendy, przeważnie w godz. 18:30-21:30.",17.01.2022 (ONL_FSF_E_10),Podstawowy,Jednorazowa,"4 500,00 zł",2 tygodnie przed datą rozpoczęcia kursu,130 godzin,sprawdź w jakich dniach i godzinach będą odbywały się zajęcia,https://hub.coderslab.pl/api/public/coursetimetable?courseSignature=ONL_FSF_E_10&packageId=1,"ten kurs przeznaczony jest dla osób, które mają już za sobą pierwsze doświadczenia z kodowaniem. Sprawdź, co należy już umieć",https://coderslab.user.com/media/uploads/lduvtk-coderslab/wymagania-wstepne-nodejs-af8c7060f443.pdf,zobacz jakie zagadnienia będą poruszane w każdym tygodniu kursu,https://coderslab.user.com/media/uploads/lduvtk-coderslab/szczegolowy-program-kursu-node-js-dla-programistow-03-07-2020-77501d023759.pdf,"ten kurs przeznaczony jest dla osób, które mają już za sobą pierwsze doświadczenia z kodowaniem. Sprawdź, co należy już umiećOgólne Warunki Umowy",https://www-api.coderslab.pl/uploads/media/default/0001/04/c05e94e9b98f2423917df86a11bccdd793f7755e.pdf,"Wymagania wstępne - ten kurs przeznaczony jest dla osób, które mają już za sobą pierwsze doświadczenia z kodowaniem. Sprawdź, co należy już umiećOgólne Warunki Umowy - zapoznaj się ze szczegółowymi warunkami udziału w kursieSzczegółowy program kursu - zobacz jakie zagadnienia będą poruszane w każdym tygodniu kursuPamiętaj! 2 tygodnie przed startem kursu udostępnimy Ci tzw. prework, czyli materiały przygotowujące do głównej części kursu. Jest to praca własna. Aby zrealizować ten materiał musisz spełniać wymagania wstępne. Ukończenie preworku to warunek konieczny udziału w kursie!Na prework zarezerwuj 20 godzin. Dostęp do niego otrzymasz od Opiekuna Kursu, który skontaktuje się z Tobą po dokonaniu zakupu. Kurs drugiego stopnia to kurs umożliwiający wejście na wyższy poziom programowania początkującym developerom. Uzupełnienie umiejętności o NodeJS zwiększa konkurencyjność i otwiera przed absolwentami kursu nowe możliwości w branży IT, pozwalając aplikować na bardziej wymagające stanowiska.Kurs II stopnia umożliwi uzupełnienie kompetencji front-endowych o back-endowe i zostanie Full Stack Developerem.Kurs organizowany jest w trybie zdalnym, dzięki czemu możesz go swobodnie łączyć z innymi obowiązkami, a jednocześnie pracować systematycznie dzięki sesjom w Wirtualnej Klasie. Stały kontakt z wykładowcą i praktyczne warsztaty w małych grupach oraz wymagane zaliczenie stanowią gwarancję najwyższej jakości naszego kursu.  Model nauki oparty jest o Wirtualną Klasę, zajęcia odbywają się zdalnie w poniedziałki i w czwartki, w godz. 18:30-20:30.Bierzesz udział w interaktywnych zajęciach z wykładowcą i grupą na żywo 2 razy w tygodniu.Uczysz się z dowolnego miejsca z dostępem do internetu.Z łatwością połączysz naukę na kursie z pracą lub studiami. Za kurs możesz zapłacić na trzy sposoby:Płatność jednorazowa - brak dodatkowych opłat, możliwość płatności kartą lub przelewem. Raty PayU 0% - nieoprocentowane raty PayU, dzięki którym nie ponosisz żadnych dodatkowych kosztów. Płatność za kurs możesz podzielić na 3,5,6, lub 10 rat. Niskie Raty PayU już od 104,45 zł - możliwość podzielenia płatności za kurs nawet na 36 rat. Oprocentowanie zależy od liczby rat i zaczyna się już od 6,5%."
4,Tester Automatyzujący,https://sklep.coderslab.pl/img/p/1/2/4/124-large_default.jpg,,,platforma do nauki zdalnej,"zdalny, zajęcia wieczorami i w weekendy, przeważnie w godz. 18:30-21:30.",31.01.2022 (ONL_TEA_E_10),Podstawowy,Jednorazowa,"4 500,00 zł",2 tygodnie przed datą rozpoczęcia kursu,120 godzin,sprawdź w jakich dniach i godzinach będą odbywały się zajęcia,https://hub.coderslab.pl/api/public/coursetimetable?courseSignature=ONL_TEA_E_10&packageId=1,,,zobacz jakie zagadnienia będą poruszane w każdym tygodniu kursu,https://coderslab.user.com/media/uploads/lduvtk-coderslab/szczegolowy-program-kursu-tester-automatyzujacy-05-02-2020-a7aa2753f286.pdf,zapoznaj się ze szczegółowymi warunkami udziału w kursie,https://www-api.coderslab.pl/uploads/media/default/0001/04/c05e94e9b98f2423917df86a11bccdd793f7755e.pdf,"Ogólne Warunki Umowy - zapoznaj się ze szczegółowymi warunkami udziału w kursieSzczegółowy program kursu - zobacz jakie zagadnienia będą poruszane w każdym tygodniu kursuPamiętaj! 2 tygodnie przed startem kursu udostępnimy Ci tzw. prework czyli materiały przygotowujące do głównej części kursu. Zapoznasz się z podstawowymi zagadnieniami, z którymi później będziesz miał do czynienia podczas kursu. Przerobienie preworku jest warunkiem koniecznym udziału w kursie. Na prework zarezerwuj 40 godzin. Dostęp do niego otrzymasz 2 tygodnie przed kursem od Opiekuna Kursu, który skontaktuje się z Tobą po dokonaniu zakupu. Zrób kolejny krok na ścieżce swojej kariery i naucz się tworzyć testy automatyczne. Wystarczą 4 tygodnie aby zostać Junior Testerem Automatyzującym! W ramach kursu poznasz narzędzia i środowisko pracy testera oraz odbędziesz pełny sprint Scrum’owy, ucząc się dobrych praktyk testerskich. Aby wziąć udział w kursie wymagamy znajomości testowania manualnego. Twoją wiedzę sprawdzimy podczas rekrutacji na kurs. Mile widziana znajomość podstaw języka Java. Za kurs możesz zapłacić na trzy sposoby:1. Płatność jednorazowa - brak dodatkowych opłat, możliwość płatności kartą lub przelewem. 2. Raty PayU 0% - nieoprocentowane raty PayU, dzięki którym nie ponosisz żadnych dodatkowych kosztów. Płatność za kurs możesz podzielić na 3,5,6, lub 10 rat. 3. Niskie Raty PayU już od 319,88 zł - możliwość podzielenia płatności za kurs nawet na 36 rat. Oprocentowanie zależy od liczby rat i zaczyna się już od 6,5%.Sprawdź wysokość rat dla Twojego kursu: kalkulator rat PayUKurs organizujemy w trybie zdalnym, dzięki czemu uczysz się z dowolnego miejsca.- Model nauki oparty jest o Wirtualna Klasę, zajęcia odbywają się zdalnie wieczorami i w weekendy przeważnie w godz. 18:30-21:30.- Zajęcia w wirtualnej klasie to aż 50% godzin kursu.- Bierzesz udział w interaktywnych zajęciach na żywo 3 razy w tygodniu.- Uczysz się z dowolnego miejsca z dostępem do internetu.- Z łatwością połączysz naukę na kursie z pracą lub studiami."
5,Test Lab,https://sklep.coderslab.pl/img/p/1/3/9/139-large_default.jpg,,,self-learning,mailing (newsletter) wysyłany raz w tygodniu we wtorki,,,Jednorazowa,"249,00 zł",,24 godziny,,,,,,,zapoznaj się ze szczegółowymi warunkami udziału w kursie,https://www-api.coderslab.pl/uploads/media/default/0001/04/c05e94e9b98f2423917df86a11bccdd793f7755e.pdf,"Ogólne Warunki Umowy - zapoznaj się ze szczegółowymi warunkami udziału w kursie Test Lab. Przetestuj 3 dodatkowe rodzaje aplikacji po zakończeniu zajęćTest Lab to innowacyjne rozwiązanie w świecie szkół IT. Wprowadzamy to jako pierwsi, bo w ten sposób odpowiadamy na potrzeby naszych kursantów.Co to jest Test Lab?Na Test Lab, nowy moduł kursu testerskiego dla absolwentów, składają się 24 godziny samodzielnej nauki. Przez 6 tygodni po zakończeniu zajęć w każdy wtorek dostaniesz od nas e-mail z nowymi zagadnieniami utrwalającymi wiedzę (m.in. zadania z SQL) oraz nowe materiały do nauki testowania. Wszystkie materiały znajdziesz również w LMS-ie, naszej autorskiej platformie edukacyjnej. Dzięki temu nie zgubisz żadnej z wartościowych treści Test Labu.Dla kogo jest Test Lab?Test Lab powstał z myślą o naszych absolwentach i kursantach. Chcemy pokazać Ci jak najwięcej typów systemów, z którymi możesz pracować. W tym celu wprowadziliśmy zmiany w programie kursu i pozostajemy z Tobą w kontakcie jeszcze po zakończeniu kursu. Czegoś takiego nie znajdziesz na żadnym innym bootcampie.Test Lab jest nowym elementem kursu testerskiego, ale – jeśli jesteś absolwentem kursu Tester Manualny – możesz kupić go jako osobny produkt. W ten sposób masz okazję przetestować 3 nowe rodzaje aplikacji, których nie było na kursie.Test Lab to:➡ mailing wysyłany do Ciebie raz w tygodniu przez 6 tygodni,➡ dodatkowe lekcje i zadania do samodzielnej pracy, ➡ możliwość przetestowania aplikacji finansowej, CRM oraz wspierającej działy HR,➡ nauka UML i BPMN,➡ automatyzacja testów Selenium IDE (record&play),➡ praca nad tworzeniem dokumentacji projektowej.Dzięki temu testujesz różne aplikacje i zdobywasz niezbędne doświadczenie w pracy testerskiej."
6,Java Developer,https://sklep.coderslab.pl/img/p/1/2/6/126-large_default.jpg,,: Warszawa,: ul.,"stacjonarny, zajęcia pon.-pt. w godzinach 9-17",17.01.2022 (WAR_JEE_S_29),: Podstawowy,Jednorazowa,"11 900,00 zł",: 4 tygodnie przed datą rozpoczęcia kursu,"439,5 godziny",sprawdź w jakich dniach i godzinach będą odbywały się zajęcia,https://hub.coderslab.pl/api/public/coursetimetable?courseSignature=WAR_JEE_S_29&packageId=1,,,zobacz jakie zagadnienia będą poruszane w każdym tygodniu kursu,https://coderslab.user.com/media/uploads/lduvtk-coderslab/szczegolowy-program-kursu-java-developer-10-07-2020-8d2e71adf1ae.pdf,zapoznaj się ze szczegółowymi warunkami udziału w kursie,https://www-api.coderslab.pl/uploads/media/default/0001/04/c05e94e9b98f2423917df86a11bccdd793f7755e.pdf,"Ogólne Warunki Umowy - zapoznaj się ze szczegółowymi warunkami udziału w kursieSzczegółowy program kursu - zobacz jakie zagadnienia będą poruszane w każdym tygodniu kursuPamiętaj! Miesiąc przed startem kursu udostępnimy Ci tzw. prework czyli materiały przygotowujące do głównej części kursu. Zapoznasz się z systemami i technologiami, z jakimi będziesz miał kontakt podczas kursu oraz otrzymasz pierwsze zadania. Przygotujesz również swój komputer do zajęć, dzięki czemu nie będzie tracił na to czasu w trakcie zajęć. Na prework zarezerwuj 60 godzin. Dostęp do niego otrzymasz miesiąc przed kursem od Opiekuna Kursu, który skontaktuje się z Tobą po dokonaniu zakupu. Najpopularniejszy back-endowy język do zastosowań w internecie i nie tylko. Jest na tyle uniwersalny, że pozwala tworzyć zarówno strony internetowe, aplikacje mobilne, zaawansowane systemy finansowe jak i te związane z obsługą klienta. Zostając Absolwentem tego kursu otworzysz sobie drzwi do świata IT w korporacjach, w których ta technologia bardzo często używana jest przy realizacji dużych i zaawansowanych projektów software’owych. Dzięki naszemu kursowi zyskasz solidne podstawy i ugruntowaną wiedzę dotyczącą programowania w tym języku. Za kurs możesz zapłacić na trzy sposoby:Płatność jednorazowa - brak dodatkowych opłat, możliwość płatności kartą lub przelewem. Raty PayU 0% - nieoprocentowane raty PayU, dzięki którym nie ponosisz żadnych dodatkowych kosztów. Płatność za kurs możesz podzielić na 3,5,6, lub 10 rat. Niskie Raty PayU już od 389 zł - możliwość podzielenia płatności za kurs nawet na 36 rat. Oprocentowanie zależy od liczby rat i zaczyna się już od 6,5%.Sprawdź wysokość rat dla Twojego kursu: kalkulator rat PayUTRYBY NAUKIKurs możesz odbyć w dwóch trybach:DziennymZajęcia odbywają się zdalnie od poniedziałku do piątku w godzinach 9:00-17:00. WeekendowymZajęcia odbywają się zdalnie co drugi tydzień w soboty i niedziele w godzinach 9:00-17:00.PAKIETY CENOWEW ramach kursu możesz wybrać jeden z trzech pakietów cenowych. Każdy z nich realizuje inne potrzeby kursanta i dlatego zawiera inną liczbę godzin nauki oraz różne elementy składowe. Wybierz pakiet najlepszy dla siebie.Pakiet podstawowy – dla chcących zdobyć nowe kompetencjeOdpowiedni wybór dla tych, którzy nie szukają pracy po kursie, a jedynie chcą zdobyć umiejętności uzupełniające ich obecne kompetencje.Pakiet profesjonalny – dla myślących o zmianie pracySkutecznie przygotujemy Cię do wymagającego procesu rekrutacji w nowej branży. Zdobędziesz więcej kompetencji i praktycznych umiejętności, dzięki czemu będziesz miał szansę wyróżnić się wśród innych kandydatów na rynku.Pakiet premium – dla chcących zyskać przewagę na rynku pracyPakiet zawiera wszystkie elementy z niższych pakietów oraz dodatkowo moduł Full-Stack (połączenie technologii back-end i front-end). Ten wybór pozwoli Ci aplikować na bardziej wymagające stanowiska.Pakiet Pewna Praca – dla chcących szybko i sprawnie wejść do branżyWejdź do IT do 6 miesięcy po kursie! W pakiecie otrzymujesz indywidualne wsparcie wykładowcy i praktyka z branży oraz doradcy kariery. Dodatkowo zrobisz międzynarodowy certyfikat Scrum Developer Certified (SDC™️) i zyskasz pierwszeństwo w poleceniach do firm partnerskich."
7,"JS, React, Redux dla programistów",https://sklep.coderslab.pl/img/p/1/2/9/129-large_default.jpg,,,platforma do nauki zdalnej,"wieczorowy, zajęcia wieczorami i w weekendy, przeważnie w godz. 18:30-21:30.",10.01.2022 (ONL_FSB_E_11),Podstawowy,Jednorazowa,"4 500,00 zł",2 tygodnie przed datą rozpoczęcia kursu,130 godzin,sprawdź w jakich dniach i godzinach będą odbywały się zajęcia,https://hub.coderslab.pl/api/public/coursetimetable?courseSignature=ONL_FSB_E_11&packageId=1,"ten kurs przeznaczony jest dla osób, które mają już za sobą pierwsze doświadczenia z kodowaniem. Sprawdź, co należy już umieć",https://coderslab.user.com/media/uploads/lduvtk-coderslab/wymagania-wstepne-dla-kandydatow-na-kurs-javascript-specialist-docx-d162ac461a25.pdf,"zobacz, jakie zagadnienia będą poruszane w każdym tygodniu kursu",https://coderslab.user.com/media/uploads/lduvtk-coderslab/szczegolowy-program-kursu-js-react-redux-dla-programistow-10-07-2020-2f91a571046e.pdf,zapoznaj się ze szczegółowymi warunkami udziału w kursie,https://www-api.coderslab.pl/uploads/media/default/0001/04/c05e94e9b98f2423917df86a11bccdd793f7755e.pdf,"Wymagania wstępne - ten kurs przeznaczony jest dla osób, które mają już za sobą pierwsze doświadczenia z kodowaniem. Sprawdź, co należy już umiećSzczegółowy program kursu - zobacz, jakie zagadnienia będą poruszane w każdym tygodniu kursuOgólne Warunki Umowy - zapoznaj się ze szczegółowymi warunkami udziału w kursiePamiętaj! 2 tygodnie przed startem kursu udostępnimy Ci tzw. prework czyli materiały przygotowujące do głównej części kursu. Jest to praca własna. Aby zrealizować ten materiał musisz spełniać wymagania wstępne. Ukończenie preworku to warunek konieczny udziału w kursie. Na prework zarezerwuj 20 godzin. Dostęp do niego otrzymasz 2 tygodnie przed kursem od Opiekuna Kursu, który skontaktuje się z Tobą po dokonaniu zakupu. Zostań specjalistą JavaScript na profesjonalnym kursie dla początkujących programistów!Dzięki profesjonalnej znajomości JavaScriptu, Reacta i Reduxa Twoje nowe kompetencje programisty front-endowego pozwolą Ci na realizowanie zaawansowanych projektów stron www oraz aplikacji webowych. Kurs organizowany jest w trybie zdalnym, dzięki czemu możesz go swobodnie łączyć z innymi obowiązkami, a jednocześnie pracować systematycznie dzięki sesjom w wirtualnej klasie. Stały kontakt z wykładowcą i praktyczne warsztaty w małych grupach oraz wymagane zaliczenie stanowią gwarancję najwyższej jakości naszego kursu.  Kurs organizowany jest w trybie zdalnym, dzięki czemu możesz go swobodnie łączyć z innymi obowiązkami. Stały kontakt z wykładowcą i praktyczne warsztaty w małych grupach oraz wymagane zaliczenie stanowią gwarancję najwyższej jakości naszego kursu.  - Model nauki oparty jest o wirtualną klasę, zajęcia odbywają się zdalnie wieczorami (18:30-20:00) oraz w soboty (rano).- Bierzesz udział w interaktywnych zajęciach z wykładowcą i grupą na żywo 4 razy w tygodniu.- Uczysz się z dowolnego miejsca z dostępem do internetu.- Z łatwością połączysz naukę na kursie z pracą lub studiami.Za kurs możesz zapłacić na trzy sposoby:- Płatność jednorazowa - brak dodatkowych opłat, możliwość płatności kartą lub przelewem. - Raty PayU 0% - nieoprocentowane raty PayU, dzięki którym nie ponosisz żadnych dodatkowych kosztów. Płatność za kurs możesz podzielić na 3,5,6, lub 10 rat. - Niskie Raty PayU już od 104,45 zł - możliwość podzielenia płatności za kurs nawet na 36 rat. Oprocentowanie zależy od liczby rat i zaczyna się już od 6,5%."
8,Python - analiza danych,https://sklep.coderslab.pl/img/p/1/2/1/121-large_default.jpg,Nowy produkt,online,,"weekendowy, zajęcia w soboty i niedziele co 2 tygodnie, w godz. 9-17",15.01.2022 (ONL_PAD_W_11),Podstawowy,Jednorazowa,"4 500,00 zł",2 tygodnie przed datą rozpoczęcia kursu,120 godzin,sprawdź w jakich dniach i godzinach będą odbywały się zajęcia,https://hub.coderslab.pl/api/public/coursetimetable?courseSignature=ONL_PAD_W_11&packageId=1,,,"zobacz, jakie zagadnienia będą poruszane w każdym tygodniu kursu",https://coderslab.user.com/media/uploads/lduvtk-coderslab/informator-python-analiza-danych-kompresja-34a39ba48d87-1-7eedb92be894.pdf,zapoznaj się ze szczegółowymi warunkami udziału w kursie,https://www-api.coderslab.pl/uploads/media/default/0001/04/c05e94e9b98f2423917df86a11bccdd793f7755e.pdf,"Szczegółowy program kursu - zobacz, jakie zagadnienia będą poruszane w każdym tygodniu kursuOgólne Warunki Umowy - zapoznaj się ze szczegółowymi warunkami udziału w kursiePamiętaj! Dwa tygodnie przed startem kursu udostępnimy Ci tzw. prework czyli materiały przygotowujące do głównej części kursu. Zapoznasz się z systemami i technologiami, z jakimi będziesz miał kontakt podczas kursu oraz otrzymasz pierwsze zadania. Przygotujesz również swój komputer do zajęć, dzięki czemu nie będzie tracił na to czasu w trakcie zajęć. Na prework zarezerwuj 30 godzin. Dostęp do niego otrzymasz 3 tygodnie przed kursem od Opiekuna Kursu, który skontaktuje się z Tobą po dokonaniu zakupu.NOWOŚĆ! Na tym kursie nauczysz się automatyzować, optymalizować i wizualizować duże zbiory danych. Nauczymy Cię jak automatyzować tworzenie raportów, samodzielnie pozyskiwać dane z systemów bazodanowych, pracować z bazami danych SQL oraz wizualizować wyniki. Na kursie przekazujemy Ci praktyczną wiedzę, dzięki której będziesz mógł usprawnić swoją obecną pracę oraz rozwijać się w kierunku: big data, data science, risk management, data mining.TRYBY NAUKIWeekendowy: Zajęcia odbywają się zdalnie co drugi tydzień w soboty i niedziele w godzinach 9:00-17:00.FINANSOWANIE KURSUZa kurs możesz zapłacić na trzy sposoby:Płatność jednorazowa - brak dodatkowych opłat, możliwość płatności kartą lub przelewem. Raty PayU 0% - nieoprocentowane raty PayU, dzięki którym nie ponosisz żadnych dodatkowych kosztów. Płatność za kurs możesz podzielić na 3,5,6, lub 10 rat. Niskie Raty PayU już od 100 zł - możliwość podzielenia płatności za kurs nawet na 36 rat. Oprocentowanie zależy od liczby rat i zaczyna się już od 6,5%."
9,Docker - Wstęp do Konteneryzacji,https://sklep.coderslab.pl/img/p/1/3/2/132-large_default.jpg,,,platforma do nauki zdalnej,"weekendowy, kurs trwa jeden weekend - sobota i niedziela od 9:00 do 17:00.",15.01.2022 (ONL_DOC_W_05),Podstawowy,Jednorazowa,"1 990,00 zł",2 tygodnie przed datą rozpoczęcia kursu,16 godzin,sprawdź w jakich dniach i godzinach będą odbywały się zajęcia,https://hub.coderslab.pl/api/public/coursetimetable?courseSignature=ONL_DOC_W_05&packageId=1,,,zapoznaj się ze szczegółowymi warunkami udziału w kursieSzczegółowy program kursu,https://coderslab.user.com/media/uploads/lduvtk-coderslab/docker-dla-programistow-95351c77b2ab.pdf,zapoznaj się ze szczegółowymi warunkami udziału w kursieSzczegółowy program kursu,https://www-api.coderslab.pl/uploads/media/default/0001/04/c05e94e9b98f2423917df86a11bccdd793f7755e.pdf,"Ogólne Warunki Umowy - zapoznaj się ze szczegółowymi warunkami udziału w kursieSzczegółowy program kursu - zobacz jakie zagadnienia będą poruszane w każdym tygodniu kursuPamiętaj! 2 tygodnie przed startem kursu udostępnimy Ci tzw. prework czyli materiały przygotowujące do głównej części kursu. Zapoznasz się z podstawowymi zagadnieniami, z którymi później będziesz miał do czynienia podczas kursu. Przerobienie preworku jest warunkiem koniecznym udziału w kursie. Na prework zarezerwuj 10 godzin. Dostęp do niego otrzymasz 2 tygodnie przed kursem od Opiekuna Kursu, który skontaktuje się z Tobą po dokonaniu zakupu.  Wyróżnij się wśród kandydatów! Poznaj DockerKurs Docker jest odpowiedni zarówno dla juniorów którzy chcą wyróżnić się na tle konkurencji, jak i specjalistów, którzy nie mają jeszcze doświadczenia z tą technologią.Co zyskasz znając Docker?Poznaj wygodne i efektywne narzędzie, które ciągle zyskuje na popularności. Zostań zauważony przez przyszłego pracodawcę dzięki znajomości Dockera.➡ Aplikuj na bardziej wymagające stanowiska➡ Wyróżnij się wśród kandydatów➡ Poznaj technologię, która staje się standardemNawet przy mniejszych projektach – takich jak strony internetowe – wykorzystanie Dockera przy procesie developmentu pozwala uruchomić na swoim komputerze (bez blokowania zasobów jak przy pełnej wirtualizacji) konfigurację zawierającą tylko to co jest niezbędne dla danego projektu.Znajomość Dockera, GitOps czy tworzenia plików do deploymentu - to obecnie bardzo pożądane umiejętności na rynku IT.Co będziesz potrafić po kursie?➡ Tworzyć konfigurację do budowania własnych obrazów Dockerowych➡ Wykorzystywać Dockera przy całym procesie wytwarzania aplikacji - od tworzenia po deployment➡ Tworzyć podstawowe konfigurację uruchomieniowe dla Docker Swarm➡ Tworzyć podstawowe konfiguracje uruchomieniowe dla Kubernetes➡ Przygotowywać CI/CD w oparciu o podejście GitOps 100% zajęć odbywa się z wykładowcą i grupą w Wirtualnej Klasie. Zajęcia mają formę praktycznych warsztatów programistycznych online na żywo z udziałem wykładowcy i grupy na platformie do komunikacji grupowej (ZOOM)."
10,SQL – Analiza Danych,https://sklep.coderslab.pl/img/p/1/3/4/134-large_default.jpg,,,platforma do nauki zdalnej,"weekendowy, zajęcia w soboty i niedziele co 2 tygodnie w godz. 9:00 - 17:00",15.01.2022 (ONL_SQL_W_06),Podstawowy,Jednorazowa,"2 200,00 zł",2 tygodnie przed datą rozpoczęcia kursu,55 godzin,sprawdź w jakich dniach i godzinach będą odbywały się zajęcia,https://hub.coderslab.pl/api/public/coursetimetable?courseSignature=ONL_SQL_W_06&packageId=1,,,zapoznaj się ze szczegółowymi warunkami udziału w kursieSzczegółowy program kursu,https://coderslab.user.com/media/uploads/lduvtk-coderslab/szczegolowy-program-kursu-sql-analiza-danych-05-07-2021-1-2cbd39af975f.pdf,zapoznaj się ze szczegółowymi warunkami udziału w kursieSzczegółowy program kursu,https://www-api.coderslab.pl/uploads/media/default/0001/04/c05e94e9b98f2423917df86a11bccdd793f7755e.pdf,"Ogólne Warunki Umowy - zapoznaj się ze szczegółowymi warunkami udziału w kursieSzczegółowy program kursu - zobacz jakie zagadnienia będą poruszane w każdym tygodniu kursuPamiętaj! 2 tygodnie przed startem kursu udostępnimy Ci tzw. prework czyli materiały przygotowujące do głównej części kursu. Zapoznasz się z podstawowymi zagadnieniami, z którymi później będziesz miał do czynienia podczas kursu. Przerobienie preworku jest warunkiem koniecznym udziału w kursie. Na prework zarezerwuj 10 godzin. Dostęp do niego otrzymasz 2 tygodnie przed kursem od Opiekuna Kursu, który skontaktuje się z Tobą po dokonaniu zakupu.  SQL – ANALIZA DANYCH Zyskaj czas na prawdziwą analizęKurs języka SQL jest odpowiedni zarówno dla juniorów, którzy chcą zdobyć przewagę na rynku, jak i dla specjalistów, którzy już pracują na dużych bazach danych, ale chcą pracować wydajniej.Co zyskasz dzięki kursowi SQL – ANALIZA DANYCH?Zgodnie z danymi raportu StackOverflow 2020 SQL poznasz 3 najpopularniejszy język programowania, którego poszukuje 80% pracodawców.Dodatkowo:➡ znajomość SQL wyróżni Cię na rynku pracy,➡ poszerzysz swoje umiejętności analityczne,➡ zyskasz w pracy czas, na rzecz najważniejszą – analizę, ➡ staniesz się niezależny od innych,➡ zwiększysz swoją wydajność w pracy,➡ sprawnie znajdziesz odpowiedzi na wszystkie zapytania.Umiejętność posługiwania się językiem SQL sprawia, że praca na rozbudowanych relacyjnych bazach danych staje się bardziej efektywna. To bardzo ważne, ponieważ rozwój Data Science wymaga coraz większej liczby wnikliwych analiz. Jeśli możesz więc wykonać je skutecznie i zaoszczędzić przy tym czas, to czemu odbierać sobie tę możliwość?Analityk danych to zawód przyszłości, który z roku na rok zyskuje na popularności. Dlatego warto już dziś zainwestować w swój rozwój i zyskać nową umiejętność analityczną.W trakcie kursu języka SQL nauczysz się:➡ dodatkowych metod formatowania wyjściowego zbioru danych, ➡ manipulować rekordami w bazie danych, ➡ tworzyć skuteczne i rozbudowane zapytania w języku SQL,➡ zasad działania z relacyjnymi bazami danych,➡ grupować i analizować uzyskane dane.A to jeszcze nie wszystko. Wprowadzimy Cię także w świat proceduralnego SQL, czyli rozszerzenia umożliwiającego tworzenie pętli, instrukcji warunkowych oraz zmiennych. 100% zajęć odbywa się z wykładowcą i grupą w Wirtualnej Klasie.Zajęcia mają formę praktycznych warsztatów programistycznych online na żywo z udziałem wykładowcy i grupy na platformie do komunikacji grupowej (ZOOM)."
11,Wizualizacja Danych,https://sklep.coderslab.pl/img/p/1/3/5/135-large_default.jpg,,,platforma do nauki zdalnej,"weekendowy, kurs trwa 5 tygodni, trzy weekendy – co druga sobota i niedziela od 9:00 do 17:00.",19.02.2022 (ONL_WID_W_01),Podstawowy,Jednorazowa,"2 900,00 zł",2 tygodnie przed datą rozpoczęcia kursu,65 godzin,sprawdź w jakich dniach i godzinach będą odbywały się zajęcia,https://hub.coderslab.pl/api/public/coursetimetable?courseSignature=ONL_WID_W_01&packageId=1,,,zapoznaj się ze szczegółowymi warunkami udziału w kursieSzczegółowy program kursu,https://coderslab.user.com/media/uploads/lduvtk-coderslab/szczegolowy-program-kursu-wizualizacja-danych-29-07-2021-9d6d590c9832.pdf,zapoznaj się ze szczegółowymi warunkami udziału w kursieSzczegółowy program kursu,https://www-api.coderslab.pl/uploads/media/default/0001/04/c05e94e9b98f2423917df86a11bccdd793f7755e.pdf,"Ogólne Warunki Umowy - zapoznaj się ze szczegółowymi warunkami udziału w kursieSzczegółowy program kursu - zobacz jakie zagadnienia będą poruszane w każdym tygodniu kursuPamiętaj! 2 tygodnie przed startem kursu udostępnimy Ci tzw. prework czyli materiały przygotowujące do głównej części kursu. Zapoznasz się z podstawowymi zagadnieniami, z którymi później będziesz miał do czynienia podczas kursu. Przerobienie preworku jest warunkiem koniecznym udziału w kursie. Na prework zarezerwuj 10 godzin. Dostęp do niego otrzymasz 2 tygodnie przed kursem od Opiekuna Kursu, który skontaktuje się z Tobą po dokonaniu zakupu.  WIZAUALIZACJA DANYCHWidzisz więcej, rozumiesz więcejKurs Wizualizacja danych powstał dla osób, które pracują na dużych zbiorach danych, prowadzą rozbudowane badania, tworzą prognozy inwestycyjne lub strategie marketingowe. Powstał więc dla wszystkich tych, którzy chcą i potrzebują pokazać dane w czytelny, atrakcyjny i profesjonalny sposób. Dobrze zwizualizowane dane pozwalają opowiadać historie i tworzyć prezentacje, które każdy zrozumie.W tym celu jest potrzebna znajomość najpopularniejszych narzędzi do wizualizacji danych, np. Tableau, Dash czy Mapbox.Co zyskasz dzięki kursowi Wizualizacja Danych?Zgodnie z danymi raportu Gartnera z 2021 Tableau – jedno z ważniejszych narzędzi do wizualizacji danych – jest jednym z liderów narzędzi w Business Intelligence. Tylko na początku lipca na Pracuj.pl znajdowało się 355 ogłoszeń o pracę z wymogiem znajomości Tableau.Jeśli więc chcesz tworzyć profesjonalne raporty, które zrozumie każdy odbiorca – kurs Wizualizacja Danych jest dla Ciebie. W trakcie kursu Wizualizacja Danych nauczysz się:➡ storytellingu danych i tworzenia przekonujących historii opartych na danych,➡ obsługiwać biblioteki wizualizacji danych – Seaborn, Plotly, Dash,➡ obsługiwać najpopularniejsze narzędzia – GeoPandas, Mapbox, Tableau,➡ przygotowywać całościowe dashboardy do analizy.100% zajęć odbywa się z wykładowcą i grupą w Wirtualnej Klasie.Zajęcia mają formę praktycznych warsztatów programistycznych online na żywo z udziałem wykładowcy i grupy na platformie do komunikacji grupowej (ZOOM)."
12,SCRUMstudy Scrum Developer Certified (SDC™),https://sklep.coderslab.pl/img/p/1/3/8/138-large_default.jpg,,,zdalnie,"weekendowy, kurs trwa jeden weekend - sobota i niedziela od 9:00 do 17:00",20.11.2021 (ONL_SDC_W_01),,Jednorazowa,"2 100,00 zł",,16 godzin,,,,,zapoznaj się ze szczegółowymi warunkami udziału w kursieSzczegółowy program kursu,https://coderslab.user.com/media/uploads/lduvtk-coderslab/program-kursu-scrum-dev-1-0642d8763161.pdf,zapoznaj się ze szczegółowymi warunkami udziału w kursieSzczegółowy program kursu,https://www-api.coderslab.pl/uploads/media/default/0001/04/c05e94e9b98f2423917df86a11bccdd793f7755e.pdf,"Ogólne Warunki Umowy - zapoznaj się ze szczegółowymi warunkami udziału w kursieSzczegółowy program kursu - zobacz jakie zagadnienia będą poruszane w każdym tygodniu kursuSCRUMstudy Scrum Developer Certified (SDC™)Poznaj Scrum od podstaw i zwinnie pracuj nad projektamiKurs realizujemy we współpracy z Altkom Akademia – liderem na rynku szkoleń biznesowych. Certyfikat, który dostajesz po zdaniu egzaminu, potwierdza, że masz wiedzę umożliwiającą zastosowanie Scrum w projektach. Zrozumienie samej metodyki z kolei usprawnia pracę, zwiększa Twoją skuteczność i wartość na rynku pracy. Scrum Developer Certified (SDC™) jest podstawowym szkoleniem skierowanym do członków zespołów Scrum, wszystkich osób współpracujących z takimi zespołami oraz osób, które w przyszłości chcą pracować w zespołach Scrum. Jeśli zastanawiasz się, czy warto, odpowiadamy – warto! Na portalu pracuj.pl tylko na początku września 2021 roku było 1617 ogłoszeń z wymogiem znajomości procesów scrumowych.Są wśród nich zarówno oferty dla programistów, jak i project managerów czy analityków. Daje Ci to naprawdę dużo możliwości rozwoju swojej kariery.Dodatkowo certyfikat, który otrzymasz po zakończeniu kursu, jest dobrze postrzegany przez wiele firm, także tych z listy Fortune 500. Wśród nich znajdują się np. Apple, IBM, HP, Dell i PepsiCo.Co zyskasz dzięki kursowi Scrum Developer Certified (SDC™)? Celem szkolenia i egzaminu jest zdobycie certyfikatu Scrum Developer Certified (SDC®). Jest on uznawany na całym świecie. Potwierdza przygotowanie do pracy w projektach realizowanych w środowisku scrumowym. Certyfikat umożliwia rozwój kariery w organizacjach pracujących w metodyce zwinnej Scrum.Czego nauczysz się na kursie?Na zajęciach nauczysz się pracy w kolejnych fazach projektu Scrum, uczestnictwach w wydarzeniach Scrum i tworzenia wartościowych produktów.Na kursie są poruszane takie zagadnienia jak:➡ wstęp do metodologii Scrum,➡ charakterystyka poszczególnych osób w procesie, (np. Product Owner czy Scrum Master),➡ biznesowe znaczenie metodologii zwinnej, ➡ narzędzia do zarządzania procesem,➡ ocenianie ryzyka,➡ raportowanie postępów. Wymagania na kursJednym wymaganiem na kursie Scrum Developer Certified (SDC™) jest znajomość języka angielskiego. Zajęcia są prowadzone po polsku, ale udostępnione na platformie materiały oraz sam egzamin są w języku angielskim.EgzaminKurs Scrum Developer Certified (SDC™) kończy się egzaminem w postaci testu jednokrotnego wyboru. Na podejście do niego masz 180 dni od zakończenia zajęć. Egzamin odbywa się zdalnie na platformie ScrumStudy. Test trwa 90 minut i składa się z 75 pytań. Potrzebujesz 65% poprawnych odpowiedzi, aby otrzymać certyfikat."
